pop,marko_us,cape_mendo,pt_conception
Bamfield,North,North,North
Bamfield,North,North,North
Bamfield,North,North,North
Bamfield,North,North,North
Bamfield,North,North,North
Bamfield,North,North,North
Bamfield,North,North,North
Bamfield,North,North,North
Bamfield,North,North,North
Bamfield,North,North,North
Bamfield,North,North,North
Bamfield,North,North,North
Bamfield,North,North,North
Bamfield,North,North,North
Bamfield,North,North,North
Bamfield,North,North,North
Bamfield,North,North,North
Bamfield,North,North,North
Bamfield,North,North,North
Bamfield,North,North,North
Bamfield,North,North,North
Bamfield,North,North,North
Bamfield,North,North,North
BodegaHead,South,South,North
BodegaHead,South,South,North
BodegaHead,South,South,North
BodegaHead,South,South,North
BodegaHead,South,South,North
BodegaHead,South,South,North
BodegaHead,South,South,North
Carpinteria,South,South,South
Carpinteria,South,South,South
Carpinteria,South,South,South
Carpinteria,South,South,South
Carpinteria,South,South,South
Carpinteria,South,South,South
Carpinteria,South,South,South
Carpinteria,South,South,South
Carpinteria,South,South,South
Carpinteria,South,South,South
Carpinteria,South,South,South
Carpinteria,South,South,South
Carpinteria,South,South,South
Carpinteria,South,South,South
Carpinteria,South,South,South
Carpinteria,South,South,South
Carpinteria,South,South,South
Carpinteria,South,South,South
Carpinteria,South,South,South
DavenportLanding,South,South,North
DavenportLanding,South,South,North
DavenportLanding,South,South,North
DavenportLanding,South,South,North
DavenportLanding,South,South,North
DavenportLanding,South,South,North
DavenportLanding,South,South,North
DavenportLanding,South,South,North
DavenportLanding,South,South,North
DavenportLanding,South,South,North
DavenportLanding,South,South,North
DavenportLanding,South,South,North
DavenportLanding,South,South,North
DavenportLanding,South,South,North
DavenportLanding,South,South,North
DavenportLanding,South,South,North
DavenportLanding,South,South,North
ElfinCove,North,North,North
ElfinCove,North,North,North
ElfinCove,North,North,North
ElfinCove,North,North,North
ElfinCove,North,North,North
ElfinCove,North,North,North
ElfinCove,North,North,North
ElfinCove,North,North,North
ElfinCove,North,North,North
ElfinCove,North,North,North
ElfinCove,North,North,North
ElfinCove,North,North,North
ElfinCove,North,North,North
ElfinCove,North,North,North
ElfinCove,North,North,North
ElfinCove,North,North,North
ElfinCove,North,North,North
ElfinCove,North,North,North
ElfinCove,North,North,North
HazardReef,South,South,North
HazardReef,South,South,North
HazardReef,South,South,North
HazardReef,South,South,North
HazardReef,South,South,North
HazardReef,South,South,North
HazardReef,South,South,North
HazardReef,South,South,North
HazardReef,South,South,North
HazardReef,South,South,North
HazardReef,South,South,North
HazardReef,South,South,North
HazardReef,South,South,North
HazardReef,South,South,North
HazardReef,South,South,North
HazardReef,South,South,North
HazardReef,South,South,North
HazardReef,South,South,North
HazardReef,South,South,North
HazardReef,South,South,North
HazardReef,South,South,North
HazardReef,South,South,North
HazardReef,South,South,North
LaJolla,South,South,South
LaJolla,South,South,South
LaJolla,South,South,South
LaJolla,South,South,South
LaJolla,South,South,South
LaJolla,South,South,South
LaJolla,South,South,South
LaJolla,South,South,South
PortRenfrew,North,North,North
PortRenfrew,North,North,North
PortRenfrew,North,North,North
PortRenfrew,North,North,North
PortRenfrew,North,North,North
PortRenfrew,North,North,North
PortRenfrew,North,North,North
PortRenfrew,North,North,North
PortRenfrew,North,North,North
PortRenfrew,North,North,North
PortRenfrew,North,North,North
PortRenfrew,North,North,North
PortRenfrew,North,North,North
PortRenfrew,North,North,North
PortRenfrew,North,North,North
RefugioBeach,South,South,South
RefugioBeach,South,South,South
RefugioBeach,South,South,South
RefugioBeach,South,South,South
RefugioBeach,South,South,South
RefugioBeach,South,South,South
RefugioBeach,South,South,South
RefugioBeach,South,South,South
RefugioBeach,South,South,South
RefugioBeach,South,South,South
RefugioBeach,South,South,South
RefugioBeach,South,South,South
RefugioBeach,South,South,South
RefugioBeach,South,South,South
RefugioBeach,South,South,South
RefugioBeach,South,South,South
VancouverIsland,South,North,North
VancouverIsland,South,North,North
VancouverIsland,South,North,North
VancouverIsland,South,North,North
VancouverIsland,South,North,North
VancouverIsland,South,North,North
VancouverIsland,South,North,North
VancouverIsland,South,North,North
VancouverIsland,South,North,North
VancouverIsland,South,North,North
VancouverIsland,South,North,North
VancouverIsland,South,North,North
VancouverIsland,South,North,North
VancouverIsland,South,North,North
VancouverIsland,South,North,North
VancouverIsland,South,North,North
VancouverIsland,South,North,North
VancouverIsland,South,North,North
VancouverIsland,South,North,North
VancouverIsland,South,North,North
VancouverIsland,South,North,North
VancouverIsland,South,North,North
VancouverIsland,South,North,North
VancouverIsland,South,North,North
VancouverIsland,South,North,North
VancouverIsland,South,North,North
VancouverIsland,South,North,North
VancouverIsland,South,North,North
VancouverIsland,South,North,North
VancouverIsland,South,North,North
VancouverIsland,South,North,North
VancouverIsland,South,North,North
VancouverIsland,South,North,North
VancouverIsland,South,North,North
VancouverIsland,South,North,North
VancouverIsland,South,North,North
VancouverIsland,South,North,North
VancouverIsland,South,North,North
VancouverIsland,South,North,North
VancouverIsland,South,North,North
VancouverIsland,South,North,North
VancouverIsland,South,North,North
VancouverIsland,South,North,North
VancouverIsland,South,North,North
VancouverIsland,South,North,North
VancouverIsland,South,North,North
VancouverIsland,South,North,North
VancouverIsland,South,North,North
VancouverIsland,South,North,North
VancouverIsland,South,North,North
VancouverIsland,South,North,North
VancouverIsland,South,North,North
VancouverIsland,South,North,North
VancouverIsland,South,North,North
VancouverIsland,South,North,North
VancouverIsland,South,North,North
VancouverIsland,South,North,North
VancouverIsland,South,North,North
VancouverIsland,South,North,North
VancouverIsland,South,North,North
VancouverIsland,South,North,North
VancouverIsland,South,North,North
VancouverIsland,South,North,North
VancouverIsland,South,North,North
VancouverIsland,South,North,North
VancouverIsland,South,North,North
VancouverIsland,South,North,North
VancouverIsland,South,North,North
VancouverIsland,South,North,North
VancouverIsland,South,North,North
VancouverIsland,South,North,North
VancouverIsland,South,North,North
VancouverIsland,South,North,North
VancouverIsland,South,North,North
VancouverIsland,South,North,North
VancouverIsland,South,North,North
VancouverIsland,South,North,North
VancouverIsland,South,North,North
VancouverIsland,South,North,North
VancouverIsland,South,North,North
VancouverIsland,South,North,North
VancouverIsland,South,North,North
VancouverIsland,South,North,North
VancouverIsland,South,North,North
VancouverIsland,South,North,North
VancouverIsland,South,North,North
VancouverIsland,South,North,North
VancouverIsland,South,North,North
VancouverIsland,South,North,North
VancouverIsland,South,North,North
VancouverIsland,South,North,North
VancouverIsland,South,North,North
VancouverIsland,South,North,North
VancouverIsland,South,North,North
VancouverIsland,South,North,North
VistaDelMar,South,South,North
VistaDelMar,South,South,North
VistaDelMar,South,South,North
VistaDelMar,South,South,North
VistaDelMar,South,South,North
VistaDelMar,South,South,North
VistaDelMar,South,South,North
VistaDelMar,South,South,North
VistaDelMar,South,South,North
VistaDelMar,South,South,North
VistaDelMar,South,South,North
VistaDelMar,South,South,North
VistaDelMar,South,South,North
VistaDelMar,South,South,North
VistaDelMar,South,South,North
VistaDelMar,South,South,North
VistaDelMar,South,South,North
VistaDelMar,South,South,North
VistaDelMar,South,South,North
WalkOnBeach,South,South,North
WalkOnBeach,South,South,North
WalkOnBeach,South,South,North
WalkOnBeach,South,South,North
WalkOnBeach,South,South,North
WalkOnBeach,South,South,North
WalkOnBeach,South,South,North
WalkOnBeach,South,South,North
WalkOnBeach,South,South,North
WalkOnBeach,South,South,North
WalkOnBeach,South,South,North
WalkOnBeach,South,South,North
WalkOnBeach,South,South,North
WalkOnBeach,South,South,North
WalkOnBeach,South,South,North
WalkOnBeach,South,South,North
WhitePoint,South,South,South
WhitePoint,South,South,South
WhitePoint,South,South,South
WhitePoint,South,South,South
WhitePoint,South,South,South
WhitePoint,South,South,South
WhitePoint,South,South,South
WhitePoint,South,South,South
WhitePoint,South,South,South
WhitePoint,South,South,South
WhitePoint,South,South,South
